Built,n,prop
3.4.0,35,0.29411764705882354
3.4.1,10,0.08403361344537816
3.4.2,13,0.1092436974789916
3.4.3,61,0.5126050420168067
